{"Elevation":3588,"prediction":3466.1470581366507}
{"Elevation":3588,"prediction":3454.9139330120984}
{"Elevation":3588,"prediction":3457.3047499707586}
{"Elevation":3589,"prediction":3439.4432171768653}
{"Elevation":3590,"prediction":3466.1470581366507}
{"Elevation":3591,"prediction":3474.34049122672}
{"Elevation":3595,"prediction":3459.163564739292}
{"Elevation":3596,"prediction":3474.34049122672}
{"Elevation":3597,"prediction":3455.7714339030217}
{"Elevation":3600,"prediction":3473.3917412267206}
{"Elevation":3604,"prediction":3466.1470581366507}
{"Elevation":3604,"prediction":3466.1470581366507}
{"Elevation":3605,"prediction":3474.34049122672}
{"Elevation":3607,"prediction":3466.1470581366507}
{"Elevation":3609,"prediction":3461.965010450816}
{"Elevation":3610,"prediction":3466.1205875484156}
{"Elevation":3610,"prediction":3455.6586583533363}
{"Elevation":3610,"prediction":3452.725717176865}
{"Elevation":3610,"prediction":3465.9755287577973}
{"Elevation":3611,"prediction":3466.1205875484156}
{"Elevation":3614,"prediction":3468.686396371945}
{"Elevation":3615,"prediction":3457.3312205589937}
{"Elevation":3615,"prediction":3466.1470581366507}
{"Elevation":3618,"prediction":3455.6586583533363}
{"Elevation":3621,"prediction":3461.411278757797}
{"Elevation":3622,"prediction":3465.9755287577973}
{"Elevation":3625,"prediction":3466.1205875484156}
{"Elevation":3632,"prediction":3457.414308794288}
{"Elevation":3637,"prediction":3448.254135611747}
{"Elevation":3645,"prediction":3711.224418808541}
{"Elevation":3646,"prediction":3711.224418808541}
{"Elevation":3648,"prediction":3714.5220796272542}
{"Elevation":3650,"prediction":3718.0320796272545}
{"Elevation":3653,"prediction":3711.224418808541}
{"Elevation":3654,"prediction":3717.1603011614825}
{"Elevation":3655,"prediction":3717.1603011614825}
{"Elevation":3656,"prediction":3717.1603011614825}
{"Elevation":3657,"prediction":3720.457961980196}
{"Elevation":3657,"prediction":3720.457961980196}
{"Elevation":3660,"prediction":3713.038964263086}
{"Elevation":3662,"prediction":3713.038964263086}
{"Elevation":3665,"prediction":3717.1603011614825}
{"Elevation":3666,"prediction":3717.1603011614825}
{"Elevation":3666,"prediction":3721.1407704876483}
{"Elevation":3667,"prediction":3713.038964263086}
{"Elevation":3671,"prediction":3713.038964263086}
{"Elevation":3678,"prediction":3713.038964263086}
{"Elevation":3681,"prediction":3711.224418808541}
{"Elevation":3682,"prediction":3711.224418808541}
{"Elevation":3682,"prediction":3728.0402790871567}
{"Elevation":3684,"prediction":3713.038964263086}
{"Elevation":3686,"prediction":3721.8784471486215}
{"Elevation":3686,"prediction":3728.210942409341}
{"Elevation":3688,"prediction":3711.224418808541}
{"Elevation":3688,"prediction":3721.8784471486215}
{"Elevation":3688,"prediction":3724.63932078772}
{"Elevation":3689,"prediction":3713.038964263086}
{"Elevation":3689,"prediction":3722.104396734215}
{"Elevation":3690,"prediction":3721.8784471486215}
{"Elevation":3690,"prediction":3721.8784471486215}
{"Elevation":3690,"prediction":3724.63932078772}
{"Elevation":3692,"prediction":3721.8784471486215}
{"Elevation":3694,"prediction":3714.734418808541}
{"Elevation":3696,"prediction":3718.0320796272545}
{"Elevation":3696,"prediction":3723.732992603167}
{"Elevation":3697,"prediction":3721.8784471486215}
{"Elevation":3697,"prediction":3714.734418808541}
{"Elevation":3698,"prediction":3730.1571073489845}
{"Elevation":3699,"prediction":3714.734418808541}
{"Elevation":3699,"prediction":3724.2519855426945}
{"Elevation":3700,"prediction":3725.0109317921133}
{"Elevation":3701,"prediction":3705.151295313529}
{"Elevation":3701,"prediction":3723.732992603167}
{"Elevation":3703,"prediction":3706.2007574725185}
{"Elevation":3703,"prediction":3725.9507642555827}
{"Elevation":3704,"prediction":3732.154960132194}
{"Elevation":3704,"prediction":3724.423407620548}
{"Elevation":3707,"prediction":3720.072940436913}
{"Elevation":3707,"prediction":3725.8696538667946}
{"Elevation":3707,"prediction":3725.8696538667946}
{"Elevation":3708,"prediction":3720.072940436913}
{"Elevation":3708,"prediction":3732.103218390452}
{"Elevation":3708,"prediction":3731.8866466085237}
{"Elevation":3709,"prediction":3723.732992603167}
{"Elevation":3709,"prediction":3732.103218390452}
{"Elevation":3709,"prediction":3720.125105298606}
{"Elevation":3709,"prediction":3706.2007574725185}
{"Elevation":3710,"prediction":3729.6688749561085}
{"Elevation":3710,"prediction":3720.072940436913}
{"Elevation":3711,"prediction":3720.125105298606}
{"Elevation":3712,"prediction":3724.423407620548}
{"Elevation":3712,"prediction":3724.423407620548}
{"Elevation":3715,"prediction":3730.1571073489845}
{"Elevation":3715,"prediction":3725.0585427556834}
{"Elevation":3716,"prediction":3726.1673360375107}
{"Elevation":3717,"prediction":3732.103218390452}
{"Elevation":3718,"prediction":3728.210942409341}
{"Elevation":3718,"prediction":3730.9714814433587}
{"Elevation":3719,"prediction":3732.103218390452}
{"Elevation":3722,"prediction":3734.4626722495495}
{"Elevation":3726,"prediction":3733.5475070843845}
{"Elevation":3728,"prediction":3727.044683106561}
{"Elevation":3728,"prediction":3727.044683106561}
{"Elevation":3728,"prediction":3730.9714814433587}
{"Elevation":3730,"prediction":3750.8642096122558}
{"Elevation":3735,"prediction":3715.76509260697}
{"Elevation":3735,"prediction":3718.696294963172}
{"Elevation":3735,"prediction":3727.044683106561}
{"Elevation":3736,"prediction":3732.103218390452}
{"Elevation":3737,"prediction":3732.103218390452}
{"Elevation":3737,"prediction":3730.9714814433587}
{"Elevation":3738,"prediction":3732.3113415832186}
{"Elevation":3744,"prediction":3747.804481105469}
{"Elevation":3746,"prediction":3732.103218390452}
{"Elevation":3746,"prediction":3732.103218390452}
{"Elevation":3746,"prediction":3718.696294963172}
{"Elevation":3747,"prediction":3693.7747339751413}
{"Elevation":3748,"prediction":3733.5475070843845}
{"Elevation":3749,"prediction":3732.3113415832186}
{"Elevation":3752,"prediction":3719.611460128337}
{"Elevation":3755,"prediction":3732.103218390452}
{"Elevation":3755,"prediction":3732.103218390452}
{"Elevation":3755,"prediction":3747.804481105469}
{"Elevation":3759,"prediction":3734.4626722495495}
{"Elevation":3764,"prediction":3732.103218390452}
{"Elevation":3764,"prediction":3748.2233762789233}
{"Elevation":3764,"prediction":3715.8885027553797}
{"Elevation":3764,"prediction":3728.5371380090155}
{"Elevation":3765,"prediction":3747.804481105469}
{"Elevation":3766,"prediction":3734.4626722495495}
{"Elevation":3767,"prediction":3747.804481105469}
{"Elevation":3769,"prediction":3747.804481105469}
{"Elevation":3772,"prediction":3709.2360138827744}
{"Elevation":3772,"prediction":3732.057309930709}
{"Elevation":3772,"prediction":3730.9714814433587}
{"Elevation":3775,"prediction":3747.804481105469}
{"Elevation":3776,"prediction":3747.804481105469}
{"Elevation":3779,"prediction":3750.8642096122558}
{"Elevation":3780,"prediction":3734.4626722495495}
{"Elevation":3786,"prediction":3736.1577091045865}
{"Elevation":3787,"prediction":3763.0535581830104}
{"Elevation":3787,"prediction":3734.4626722495495}
{"Elevation":3788,"prediction":3748.7076055496423}
{"Elevation":3791,"prediction":3717.0938248842313}
{"Elevation":3792,"prediction":3750.8642096122558}
{"Elevation":3795,"prediction":3763.0535581830104}
{"Elevation":3796,"prediction":3754.6434879025837}
{"Elevation":3800,"prediction":3750.8642096122558}
{"Elevation":3808,"prediction":3748.4507635436094}
{"Elevation":3809,"prediction":3757.2195135436095}
{"Elevation":3810,"prediction":3765.1482010401533}
{"Elevation":3811,"prediction":3750.8642096122558}
{"Elevation":3813,"prediction":3731.113163650041}
{"Elevation":3817,"prediction":3757.2195135436095}
{"Elevation":3818,"prediction":3740.7459906585036}
{"Elevation":3818,"prediction":3754.44286636881}
{"Elevation":3819,"prediction":3754.44286636881}
{"Elevation":3820,"prediction":3750.8642096122558}
{"Elevation":3821,